State,Year,Population,Violent Crime Rate,Property Crime Rate
Alabama,1999,4369862,490.2,3922.3
Alabama,2000,4447100,486.2,4059.7
Alabama,2001,4468912,438.2,3876.8
Alabama,2002,4478896,445,4027.8
Alabama,2003,4503726,429.2,4046.4
Alabama,2004,4525375,427,4029.3
Alabama,2005,4548327,433,3900
Alabama,2006,4599030,425.2,3941
Alabama,2007,4627851,448.9,3977.7
Alabama,2008,4661900,452.8,4084.5
Alabama,2009,4708708,450.1,3780.4
Alabama,2010,4785401,383.7,3528
Alabama,2011,4803689,419.8,3605.4
Alabama,2012,4817528,450.3,3505.5
Alabama,2013,4833996,431,3347.9
Alabama,2014,4849377,427.4,3177.6
Alaska,1999,619500,630.8,3728.7
Alaska,2000,626932,566.9,3682.5
Alaska,2001,633630,589.5,3655.1
Alaska,2002,641482,565.4,3759.7
Alaska,2003,648280,598,3761.6
Alaska,2004,657755,632.3,3370.9
Alaska,2005,663253,632,3615
Alaska,2006,670053,688,3578.1
Alaska,2007,683478,661.3,3379.2
Alaska,2008,686293,652.1,2927.3
Alaska,2009,698473,633.4,2940.4
Alaska,2010,714146,635.3,2836.8
Alaska,2011,723860,610.1,2637.8
Alaska,2012,730307,604.1,2743.6
Alaska,2013,737259,638.7,2877
Alaska,2014,736732,635.8,2760
Arizona,1999,4778332,551.1,5345
Arizona,2000,5130632,531.7,5297.8
Arizona,2001,5306966,540.3,5537.5
Arizona,2002,5441125,554.5,5849.8
Arizona,2003,5579222,513.3,5634
Arizona,2004,5739879,504.4,5073.3
Arizona,2005,5953007,512,4827
Arizona,2006,6166318,542.6,4774.1
Arizona,2007,6338755,518,4532.6
Arizona,2008,6500180,485.6,4102.2
Arizona,2009,6595778,426.5,3589
Arizona,2010,6413158,413.6,3536.5
Arizona,2011,6467315,414.2,3554.7
Arizona,2012,6551149,428.6,3536.8
Arizona,2013,6634997,415.6,3365.4
Arizona,2014,6731484,399.9,3197.5
Arkansas,1999,2551373,425.2,3617
Arkansas,2000,2673400,445.3,3670
Arkansas,2001,2694698,452.4,3677.8
Arkansas,2002,2706268,425,3738.4
Arkansas,2003,2727774,456.4,3632.4
Arkansas,2004,2750000,502.3,4033.1
Arkansas,2005,2775708,528,4068
Arkansas,2006,2810872,552.8,3985.4
Arkansas,2007,2834797,537.1,3955.5
Arkansas,2008,2855390,513,3865
Arkansas,2009,2889450,515.8,3775
Arkansas,2010,2921588,503.5,3553.5
Arkansas,2011,2938582,482.3,3757.9
Arkansas,2012,2949828,469.6,3708.3
Arkansas,2013,2958765,463.2,3598.7
Arkansas,2014,2966369,480.1,3338
California,1999,33145121,627.2,3177.8
California,2000,33871648,621.6,3118.2
California,2001,34600463,615.2,3278
California,2002,35001986,595.4,3361.2
California,2003,35462712,579.6,3426.4
California,2004,35842038,527.8,3423.9
California,2005,36154147,526,3321
California,2006,36457549,533.5,3181.7
California,2007,36553215,524.1,3043.5
California,2008,36756666,504.2,2941
California,2009,36961664,473.3,2731
California,2010,37338198,439.6,2629.9
California,2011,37683933,411.2,2584.2
California,2012,37999878,423.5,2761.8
California,2013,38431393,402.6,2651.2
California,2014,38802500,396.1,2441.1
Colorado,1999,4056133,340.5,3722.8
Colorado,2000,4301261,334,3648.6
Colorado,2001,4430989,349.6,3856.6
Colorado,2002,4501051,352.9,4000.3
Colorado,2003,4547633,346.5,3951.6
Colorado,2004,4601821,372,3918.5
Colorado,2005,4663295,397,4041
Colorado,2006,4753377,395.4,3438.4
Colorado,2007,4861515,351.8,2999.2
Colorado,2008,4939456,353.9,2821
Colorado,2009,5024748,338.8,2670.7
Colorado,2010,5047692,323.7,2674.5
Colorado,2011,5116302,314.4,2595.3
Colorado,2012,5189458,307.4,2685.3
Colorado,2013,5272086,305.4,2655
Colorado,2014,5355866,309.1,2530.1
Connecticut,1999,3282031,345.6,3043.7
Connecticut,2000,3405565,324.7,2908
Connecticut,2001,3434602,334.6,2774.7
Connecticut,2002,3458587,312.5,2701.3
Connecticut,2003,3486960,316.8,2666.5
Connecticut,2004,3498966,289,2684.9
Connecticut,2005,3500701,273,2579
Connecticut,2006,3504809,299.7,2586.1
Connecticut,2007,3502309,301.1,2470.6
Connecticut,2008,3501252,306.7,2490.8
Connecticut,2009,3518288,300.9,2348.4
Connecticut,2010,3575498,282,2188.8
Connecticut,2011,3586717,275.7,2152.5
Connecticut,2012,3591765,283.5,2148.5
Connecticut,2013,3599341,262.2,1980.2
Connecticut,2014,3596677,236.9,1920.4
Delaware,1999,753538,734.4,4103.6
Delaware,2000,783600,684.4,3793.6
Delaware,2001,796599,611.1,3439.5
Delaware,2002,805945,600,3346
Delaware,2003,818166,675.3,3415.3
Delaware,2004,830069,615,3283.6
Delaware,2005,841741,633,3118
Delaware,2006,853476,701,3476.4
Delaware,2007,864764,705.4,3378.5
Delaware,2008,873092,708.6,3594.7
Delaware,2009,885122,645.4,3353.8
Delaware,2010,899792,623.3,3453.9
Delaware,2011,908137,566.4,3431.5
Delaware,2012,917053,550.5,3348.4
Delaware,2013,925240,500.7,3134.4
Delaware,2014,935614,489.1,2982
District of Columbia,1999,519000,1627.7,6439.3
District of Columbia,2000,572059,1507.9,5768.6
District of Columbia,2001,573822,1602.4,6139.9
District of Columbia,2002,569157,1637.9,6409
District of Columbia,2003,557620,1624.9,5863.5
District of Columbia,2004,554239,1369.4,4852.8
District of Columbia,2005,582049,1380,4490
District of Columbia,2006,581530,1508.4,4653.9
District of Columbia,2007,588292,1415.1,4916.3
District of Columbia,2008,591833,1437.7,5104.6
District of Columbia,2009,599657,1348.9,4751.9
District of Columbia,2010,604912,1326.8,4761.4
District of Columbia,2011,619020,1200.8,4790.5
District of Columbia,2012,633427,1241.8,4855.7
District of Columbia,2013,649111,1296.4,4790.7
District of Columbia,2014,658893,1244.4,5182.5
Florida,1999,15111244,854,5351.5
Florida,2000,15982378,812,4882.7
Florida,2001,16373330,798.3,4779.2
Florida,2002,16691701,771.2,4656.4
Florida,2003,16999181,731.1,4457.3
Florida,2004,17385430,711.8,4182.5
Florida,2005,17768191,709,4013
Florida,2006,18089888,716.4,3986.2
Florida,2007,18251243,722.6,4088.8
Florida,2008,18328340,688.9,4140.5
Florida,2009,18537969,612.5,3840.8
Florida,2010,18838613,541.3,3551.4
Florida,2011,19082262,514.6,3517.4
Florida,2012,19320749,487,3276.2
Florida,2013,19600311,469.3,3097.8
Florida,2014,19893297,540.5,3415.5
Georgia,1999,7788240,533.9,4614.4
Georgia,2000,8186453,504.7,4246.4
Georgia,2001,8405677,495.7,4138.5
Georgia,2002,8544005,459.6,4056.2
Georgia,2003,8676460,454.5,4259.7
Georgia,2004,8918129,451,4223.5
Georgia,2005,9132553,446,4145
Georgia,2006,9363941,477.9,3873.5
Georgia,2007,9544750,491.5,3889.6
Georgia,2008,9685744,488.9,4005
Georgia,2009,9829211,428,3672.6
Georgia,2010,9712157,402.3,3639.2
Georgia,2011,9812460,374.6,3640.6
Georgia,2012,9915646,380,3423.6
Georgia,2013,9994759,375.4,3399.9
Georgia,2014,10097343,377.3,3281.2
Hawaii,1999,1185497,234.9,4600.5
Hawaii,2000,1211537,243.8,4955.1
Hawaii,2001,1227024,254,5120.5
Hawaii,2002,1240663,262.9,5801.4
Hawaii,2003,1248755,272.3,5274.6
Hawaii,2004,1262124,254.6,4795.5
Hawaii,2005,1273278,256,4800
Hawaii,2006,1285498,280.7,4219.9
Hawaii,2007,1283388,276.1,4119.3
Hawaii,2008,1288198,272.5,3566.5
Hawaii,2009,1295178,274.1,3668.7
Hawaii,2010,1363359,264.3,3349.6
Hawaii,2011,1378129,251.4,3183.6
Hawaii,2012,1390090,243,3123.5
Hawaii,2013,1408987,254.4,3212.7
Hawaii,2014,1419561,259.2,3050
Idaho,1999,1251700,244.9,2905.1
Idaho,2000,1293953,252.5,2933.7
Idaho,2001,1320585,243.1,2891.2
Idaho,2002,1343124,254.6,2913.2
Idaho,2003,1367034,245.9,2929.1
Idaho,2004,1395140,247.4,2781
Idaho,2005,1429367,257,2697
Idaho,2006,1466465,250,2395.9
Idaho,2007,1499402,256.2,2275.8
Idaho,2008,1523816,241.5,2096.1
Idaho,2009,1545801,246.2,2019.7
Idaho,2010,1571102,220.5,2000.9
Idaho,2011,1583744,202.2,2075.8
Idaho,2012,1595590,209.8,1994.6
Idaho,2013,1612843,215.2,1874.3
Idaho,2014,1634464,212.2,1854.8
Illinois,1999,12128370,689.5,3825.2
Illinois,2000,12419293,653.8,3585.4
Illinois,2001,12520227,633.1,3471.6
Illinois,2002,12586447,601.9,3420.2
Illinois,2003,12649087,556.4,3287.9
Illinois,2004,12712016,545.7,3174.1
Illinois,2005,12765427,552,3092
Illinois,2006,12831970,541.6,3019.6
Illinois,2007,12852548,533.2,2935.8
Illinois,2008,12901563,525.4,2932.6
Illinois,2009,12910409,497.2,2736.9
Illinois,2010,12841980,444.9,2718.1
Illinois,2011,12859752,424,2678.7
Illinois,2012,12868192,416.2,2585.5
Illinois,2013,12890552,403.1,2296.6
Illinois,2014,12880580,370,2075.9
Indiana,1999,5942901,374.6,3391.4
Indiana,2000,6080485,349.1,3402.8
Indiana,2001,6126743,371.1,3452.9
Indiana,2002,6156913,357.3,3394
Indiana,2003,6199571,352.3,3355.7
Indiana,2004,6226537,325.9,3403.6
Indiana,2005,6266019,324,3460
Indiana,2006,6313520,321.6,3449.5
Indiana,2007,6345289,335.8,3370.8
Indiana,2008,6376792,337.6,3350.3
Indiana,2009,6423113,334,3112.3
Indiana,2010,6490622,323.3,3070.2
Indiana,2011,6516353,331.8,3161.5
Indiana,2012,6537782,344.8,3028.5
Indiana,2013,6570713,359.6,2853.1
Indiana,2014,6596855,365.3,2649.4
Iowa,1999,2869413,280,2943.6
Iowa,2000,2926324,266.4,2967.3
Iowa,2001,2931967,268.2,3023
Iowa,2002,2935840,285.7,3163.6
Iowa,2003,2941976,277.9,2976
Iowa,2004,2952904,287.8,2904.8
Iowa,2005,2965524,293,2845
Iowa,2006,2982085,285.7,2823.6
Iowa,2007,2988046,300.2,2648.3
Iowa,2008,3002555,288.1,2440.4
Iowa,2009,3007856,282.1,2329.9
Iowa,2010,3050202,268.5,2253.6
Iowa,2011,3064097,257.3,2351.2
Iowa,2012,3075039,265.6,2288
Iowa,2013,3092341,273,2198.2
Iowa,2014,3107126,273.5,2093.8
Kansas,1999,2654052,382.8,4055.8
Kansas,2000,2688418,389.4,4019.4
Kansas,2001,2702125,403.7,3905.7
Kansas,2002,2711769,377.2,3716
Kansas,2003,2724786,397.5,4010.4
Kansas,2004,2733697,377.9,4015.5
Kansas,2005,2748172,389,3806
Kansas,2006,2764075,432.7,3772
Kansas,2007,2775997,458.6,3709
Kansas,2008,2802134,412.3,3386.1
Kansas,2009,2818747,406.6,3225.9
Kansas,2010,2859143,370.8,3116.6
Kansas,2011,2870386,355.7,3088.6
Kansas,2012,2885398,356.7,3156.1
Kansas,2013,2895801,342.8,2959.6
Kansas,2014,2904021,348.6,2735.2
Kentucky,1999,3960825,308.3,2645.1
Kentucky,2000,4041769,294.5,2665.2
Kentucky,2001,4068816,258.3,2638.5
Kentucky,2002,4089822,271.4,2655.1
Kentucky,2003,4118189,248.5,2510.1
Kentucky,2004,4141835,245.1,2540.2
Kentucky,2005,4172608,267,2531
Kentucky,2006,4206074,270.1,2601.7
Kentucky,2007,4241474,290.7,2546
Kentucky,2008,4269245,297.2,2681.8
Kentucky,2009,4314113,255,2524.6
Kentucky,2010,4347223,243.9,2557.3
Kentucky,2011,4366814,239.6,2725.9
Kentucky,2012,4379730,224.9,2575.5
Kentucky,2013,4399583,210.9,2374
Kentucky,2014,4413457,211.6,2246.9
Lousiana,1999,4372035,732.7,5014.1
Lousiana,2000,4468976,681.1,4741.7
Lousiana,2001,4470368,686.3,4646
Lousiana,2002,4476192,663.3,4442.1
Lousiana,2003,4493665,636.9,4310.5
Lousiana,2004,4506685,640,4419.1
Lousiana,2005,4507331,597,3696
Lousiana,2006,4287768,721.2,4080.8
Lousiana,2007,4293204,740.4,4204.7
Lousiana,2008,4410796,671.4,3880.9
Lousiana,2009,4492076,642.9,3842.7
Lousiana,2010,4545343,555.3,3644.8
Lousiana,2011,4574766,554.6,3683.9
Lousiana,2012,4602134,496.3,3534.7
Lousiana,2013,4629284,521.2,3578.9
Lousiana,2014,4649676,514.7,3458.8
Maine,1999,1253040,112,2762.7
Maine,2000,1274923,109.6,2510.2
Maine,2001,1284470,111.7,2581.1
Maine,2002,1294894,107.8,2547.3
Maine,2003,1309205,108.6,2450.2
Maine,2004,1314985,103.7,2413.7
Maine,2005,1318220,112,2419
Maine,2006,1321574,116,2546.8
Maine,2007,1317207,118.8,2448.3
Maine,2008,1316456,119.4,2463.7
Maine,2009,1318301,119.9,2405.1
Maine,2010,1327379,122.1,2478.6
Maine,2011,1328544,123.3,2546.3
Maine,2012,1328501,122.4,2514
Maine,2013,1328702,132.5,2292
Maine,2014,1330089,127.8,1986.4
Maryland,1999,5171634,743.4,4176.1
Maryland,2000,5296486,786.6,4029.5
Maryland,2001,5386079,781.4,4075.5
Maryland,2002,5450525,770.8,3983.2
Maryland,2003,5512310,703.5,3799.1
Maryland,2004,5561332,700.6,3640.7
Maryland,2005,5589599,704,3551
Maryland,2006,5615727,678.6,3481
Maryland,2007,5618344,641.9,3431.5
Maryland,2008,5633597,628.2,3517.6
Maryland,2009,5699478,590,3198.5
Maryland,2010,5785681,546.3,2995.5
Maryland,2011,5839572,493.5,2857.2
Maryland,2012,5884868,477.3,2758.1
Maryland,2013,5938737,475.4,2659.1
Maryland,2014,5976407,446.1,2507.5
Massachusettes,1999,6175169,551,2711.5
Massachusettes,2000,6349097,476.1,2550
Massachusettes,2001,6401164,477.8,2610.1
Massachusettes,2002,6421800,484.9,2612.2
Massachusettes,2003,6420357,473.1,2562.8
Massachusettes,2004,6407382,460.2,2468.2
Massachusettes,2005,6433367,461,2358
Massachusettes,2006,6437193,500.5,2391.5
Massachusettes,2007,6449755,441.7,2399.2
Massachusettes,2008,6497967,463.8,2399.5
Massachusettes,2009,6593587,462.6,2323.1
Massachusettes,2010,6555466,468.9,2356.8
Massachusettes,2011,6607003,427.3,2252.6
Massachusettes,2012,6645303,407,2156.8
Massachusettes,2013,6708874,406.4,2046.2
Massachusettes,2014,6745408,391.4,1857.1
Michigan,1999,9863775,574.9,3750
Michigan,2000,9938444,555,3554.9
Michigan,2001,10006266,553.9,3521.3
Michigan,2002,10043221,540.7,3336.2
Michigan,2003,10082364,511.3,3278.6
Michigan,2004,10104206,492.2,3066.1
Michigan,2005,10100833,554,3098
Michigan,2006,10095643,564.4,3225.1
Michigan,2007,10071822,533.8,3063.5
Michigan,2008,10003422,514.9,2950
Michigan,2009,9969727,499.8,2848.8
Michigan,2010,9877143,493,2748.8
Michigan,2011,9876801,442.8,2544.6
Michigan,2012,9882519,455,2522.1
Michigan,2013,9898193,452.2,2325
Michigan,2014,9909877,427.3,2043.9
Minnesota,1999,4775508,274,3323.6
Minnesota,2000,4919479,280.8,3207.6
Minnesota,2001,4984535,263.7,3311.2
Minnesota,2002,5024791,267.2,3264.3
Minnesota,2003,5064172,262.9,3113.3
Minnesota,2004,5096546,269.8,3041.6
Minnesota,2005,5126739,297,3088
Minnesota,2006,5167101,310.5,3082.5
Minnesota,2007,5197621,289.6,3044.8
Minnesota,2008,5220393,265.4,2864.1
Minnesota,2009,5266214,244.5,2644.9
Minnesota,2010,5310658,235.7,2569
Minnesota,2011,5347299,230.5,2546.8
Minnesota,2012,5379646,230.9,2568.1
Minnesota,2013,5422060,234.4,2419.6
Minnesota,2014,5457173,229.1,2297.5
Mississppi,1999,2768619,349.3,3921.1
Mississppi,2000,2844658,360.9,3643.5
Mississppi,2001,2859733,349.9,3832.8
Mississppi,2002,2866733,343.9,3822.6
Mississppi,2003,2882594,323.9,3707.3
Mississppi,2004,2900768,295.4,3481.1
Mississppi,2005,2908496,280,3274
Mississppi,2006,2910540,311.8,3190.2
Mississppi,2007,2918785,291.3,3113.9
Mississppi,2008,2938618,304.3,2909.1
Mississppi,2009,2951996,286.3,2958.2
Mississppi,2010,2970072,269.3,2983
Mississppi,2011,2977457,269,3016.3
Mississppi,2012,2986450,260.1,2810.5
Mississppi,2013,2992206,277.5,2725.3
Mississppi,2014,2994079,278.5,2921.2
Missouri,1999,5468338,500.2,4078.2
Missouri,2000,5595211,490,4037.7
Missouri,2001,5637309,540.5,4229.2
Missouri,2002,5669544,539,4065.9
Missouri,2003,5719204,490.8,4083.9
Missouri,2004,5759532,490.1,3900.1
Missouri,2005,5797703,526,3929
Missouri,2006,5842713,545.9,3834
Missouri,2007,5878415,560.7,3829.5
Missouri,2008,5911605,502.4,3662.7
Missouri,2009,5987580,492.9,3370
Missouri,2010,5995715,457.7,3350
Missouri,2011,6008984,447.5,3313.1
Missouri,2012,6024522,451.3,3316.7
Missouri,2013,6044917,433.7,3137.4
Missouri,2014,6063589,442.9,2906.5
Montana,1999,882779,236.8,3296.7
Montana,2000,902195,311.1,3568.9
Montana,2001,905382,352,3332.8
Montana,2002,910372,351.2,3158.2
Montana,2003,918157,365,3096.2
Montana,2004,926920,293.8,2936.1
Montana,2005,934737,282,3146
Montana,2006,944632,377.3,2856.8
Montana,2007,957861,379.8,2906.2
Montana,2008,967440,311.4,2718.5
Montana,2009,974989,287,2546.3
Montana,2010,990958,275.8,2564.1
Montana,2011,997667,276.1,2394.1
Montana,2012,1005494,278.8,2595.9
Montana,2013,1014864,288.1,2581.1
Montana,2014,1023579,323.7,2472.9
Nebraska,1999,1666028,430.2,3678
Nebraska,2000,1711263,327.6,3767.9
Nebraska,2001,1720039,303.1,4009.4
Nebraska,2002,1727564,314.2,3946.5
Nebraska,2003,1737475,293.8,3751.9
Nebraska,2004,1747704,308.6,3519.6
Nebraska,2005,1758163,287,3432
Nebraska,2006,1768331,293.9,3359.7
Nebraska,2007,1774571,311.3,3142.4
Nebraska,2008,1783432,312.3,2879.3
Nebraska,2009,1796619,289.4,2768
Nebraska,2010,1830141,278.3,2667.9
Nebraska,2011,1842234,253.6,2762.6
Nebraska,2012,1855350,258.8,2759.7
Nebraska,2013,1868969,264.8,2632.3
Nebraska,2014,1881503,280.4,2523.5
Nevada,1999,1809253,569.9,4083.1
Nevada,2000,1998257,524.2,3744.4
Nevada,2001,2097722,589.2,3693.8
Nevada,2002,2167455,639.3,3870.7
Nevada,2003,2242207,616,4287.2
Nevada,2004,2332898,616.4,4210
Nevada,2005,2412301,608,4246
Nevada,2006,2495529,748.8,4100.9
Nevada,2007,2565382,754.9,3785.7
Nevada,2008,2600167,729.7,3461.5
Nevada,2009,2643085,705.2,3063.7
Nevada,2010,2704283,663,2773.5
Nevada,2011,2720028,568.1,2576.3
Nevada,2012,2754354,608.6,2814.1
Nevada,2013,2791494,605,2836.4
Nevada,2014,2839099,635.6,2625.4
New Hampshire,1999,1201134,96.5,2185.2
New Hampshire,2000,1235786,175.4,2257.8
New Hampshire,2001,1259359,170.2,2151
New Hampshire,2002,1274405,161.3,2059.8
New Hampshire,2003,1288705,150.3,2052.9
New Hampshire,2004,1299169,169.5,2051.9
New Hampshire,2005,1306819,135,1839
New Hampshire,2006,1314895,138.8,1981.9
New Hampshire,2007,1315828,144.1,2005.9
New Hampshire,2008,1315809,156.1,2157.4
New Hampshire,2009,1324575,160.4,2173.5
New Hampshire,2010,1316807,167.4,2219.8
New Hampshire,2011,1317807,217.3,2485.6
New Hampshire,2012,1321617,215,2426.9
New Hampshire,2013,1322616,223.2,2213.6
New Hampshire,2014,1326813,196.1,1962.7
New Jersey,1999,8143412,411.9,2988.1
New Jersey,2000,8414350,383.8,2776.6
New Jersey,2001,8511116,388.8,2826.3
New Jersey,2002,8575252,376.1,2655.5
New Jersey,2003,8642412,364.3,2549.6
New Jersey,2004,8685166,356.3,2433
New Jersey,2005,8703150,355,2337
New Jersey,2006,8724560,350.2,2278.9
New Jersey,2007,8685920,328.6,2214.4
New Jersey,2008,8682661,326.5,2293.4
New Jersey,2009,8707739,311.4,2075.8
New Jersey,2010,8799593,307.5,2080.1
New Jersey,2011,8834773,307.9,2147.4
New Jersey,2012,8867749,290.1,2046.5
New Jersey,2013,8911502,288.9,1881.1
New Jersey,2014,8938175,261.2,1734.1
New Mexico,1999,1739844,834.6,5128
New Mexico,2000,1819046,757.9,4761
New Mexico,2001,1830935,780.4,4538.4
New Mexico,2002,1852044,740.7,4345.3
New Mexico,2003,1878562,667.3,4089.1
New Mexico,2004,1903006,687.4,4198.4
New Mexico,2005,1925985,646,4132
New Mexico,2006,1954599,654.7,3888.3
New Mexico,2007,1969915,675.7,3815.8
New Mexico,2008,1984356,653.5,3815.7
New Mexico,2009,2009671,632.4,3714
New Mexico,2010,2065913,588,3425.9
New Mexico,2011,2078674,572.7,3538.3
New Mexico,2012,2083540,559.6,3604.2
New Mexico,2013,2086895,622.5,3783.5
New Mexico,2014,2085572,597.4,3542.3
New York,1999,18196601,588.8,2690.6
New York,2000,18976457,553.9,2545.7
New York,2001,19084350,513.6,2399.9
New York,2002,19134293,496.6,2310.5
New York,2003,19212425,465.8,2249
New York,2004,19280727,440.4,2192.5
New York,2005,19315721,444,2102
New York,2006,19306183,435.2,2064.5
New York,2007,19297729,414.4,1987.9
New York,2008,19490297,397.9,1993.8
New York,2009,19541453,384.4,1932
New York,2010,19395206,394.4,1957.8
New York,2011,19501616,397.2,1906.7
New York,2012,19576125,406.3,1917
New York,2013,19695680,393.8,1820.7
New York,2014,19746227,381.8,1718.2
North Carolina,1999,7650789,542.1,4633.5
North Carolina,2000,8049313,497.6,4421.8
North Carolina,2001,8206105,493.1,4433
North Carolina,2002,8305820,471,4258.6
North Carolina,2003,8421190,454.1,4270.9
North Carolina,2004,8540468,447.8,4160.5
North Carolina,2005,8672459,469,4080
North Carolina,2006,8856505,475.2,4116.2
North Carolina,2007,9061032,466.1,4082.2
North Carolina,2008,9222414,467.6,4041.9
North Carolina,2009,9380884,404.5,3663.9
North Carolina,2010,9560234,362.7,3443.5
North Carolina,2011,9651103,346.3,3500.2
North Carolina,2012,9748364,353.5,3370.8
North Carolina,2013,9848917,341,3103.2
North Carolina,2014,9943964,329.5,2873.1
North Dakota,1999,633666,66.9,2327.4
North Dakota,2000,642200,81.4,2206.6
North Dakota,2001,636550,79.3,2330.4
North Dakota,2002,633911,78.2,2328.7
North Dakota,2003,633400,80.2,2109.9
North Dakota,2004,636308,87.7,1963.4
North Dakota,2005,634605,111,2025
North Dakota,2006,635867,197.4,2100.9
North Dakota,2007,639715,209.9,2000.3
North Dakota,2008,641481,224.6,2031.1
North Dakota,2009,646844,266.4,1980.8
North Dakota,2010,674629,229.5,1780.2
North Dakota,2011,684740,248.1,1947.3
North Dakota,2012,701345,245.7,2038.5
North Dakota,2013,723857,273.4,2121.4
North Dakota,2014,739482,265.1,2110.3
Ohio,1999,11256654,316.4,3680.2
Ohio,2000,11353140,334.1,3707.7
Ohio,2001,11389785,351.4,3820.2
Ohio,2002,11408699,351.7,3760.1
Ohio,2003,11437680,333.9,3650.1
Ohio,2004,11450143,338.7,3662.3
Ohio,2005,11470685,350,3668
Ohio,2006,11478006,361.5,3688.2
Ohio,2007,11466917,355.4,3468.1
Ohio,2008,11485910,352,3410
Ohio,2009,11542645,331.9,3261.3
Ohio,2010,11537968,314.7,3266.1
Ohio,2011,11541007,305.2,3297.6
Ohio,2012,11553031,301.5,3206.4
Ohio,2013,11572005,291.4,2924.4
Ohio,2014,11594163,284.9,2799.1
Oklahoma,1999,3358044,508.2,4175.6
Oklahoma,2000,3450654,497.8,4060.8
Oklahoma,2001,3469577,510.9,4083.5
Oklahoma,2002,3489700,504,4244.7
Oklahoma,2003,3506469,506.4,4312.3
Oklahoma,2004,3523546,500.5,4242.1
Oklahoma,2005,3543442,509,4047
Oklahoma,2006,3579212,500.2,3624.5
Oklahoma,2007,3617316,504.1,3558.3
Oklahoma,2008,3642361,531.5,3474
Oklahoma,2009,3687050,503.4,3589.6
Oklahoma,2010,3760184,481.4,3443
Oklahoma,2011,3784163,457.5,3372.4
Oklahoma,2012,3815780,474.4,3432.3
Oklahoma,2013,3853118,446.1,3280.9
Oklahoma,2014,3878051,406,2990.7
Oregon,1999,3316154,374.9,4626.9
Oregon,2000,3421399,350.7,4494.7
Oregon,2001,3473441,306.6,4736.6
Oregon,2002,3520355,292.5,4577.5
Oregon,2003,3564330,294.8,4765.6
Oregon,2004,3591363,298.6,4635.4
Oregon,2005,3638871,287,4402
Oregon,2006,3700758,284.6,3725.1
Oregon,2007,3747455,293.9,3543
Oregon,2008,3790060,261.4,3302.6
Oregon,2009,3825657,260.6,3000.3
Oregon,2010,3838332,251.4,3039.3
Oregon,2011,3868229,249.3,3150.5
Oregon,2012,3899801,247.1,3241.6
Oregon,2013,3928068,242.8,3184.3
Oregon,2014,3970239,232.3,2879
Pennsylvania,1999,11994016,420.5,2693.2
Pennsylvania,2000,12281054,420,2575.3
Pennsylvania,2001,12303104,409.9,2547.4
Pennsylvania,2002,12328827,402.1,2440.4
Pennsylvania,2003,12370761,397.8,2430.2
Pennsylvania,2004,12394471,411.5,2417.3
Pennsylvania,2005,12405348,425,2422
Pennsylvania,2006,12440621,442.3,2448.3
Pennsylvania,2007,12432792,416.7,2363.5
Pennsylvania,2008,12448279,410,2412.3
Pennsylvania,2009,12604767,382.3,2199
Pennsylvania,2010,12717722,366.5,2173.1
Pennsylvania,2011,12743948,362.4,2224.1
Pennsylvania,2012,12764475,355.5,2166.7
Pennsylvania,2013,12781296,335.1,2059.1
Pennsylvania,2014,12787209,314.1,1931.7
Rhode Island,1999,990819,286.6,3296
Rhode Island,2000,1048319,297.7,3178.7
Rhode Island,2001,1059659,309.3,3373
Rhode Island,2002,1068326,285.6,3308.2
Rhode Island,2003,1076084,285.7,2995.2
Rhode Island,2004,1079916,247.5,2886
Rhode Island,2005,1073579,252,2728
Rhode Island,2006,1067610,230.4,2614.6
Rhode Island,2007,1057832,229.1,2606.8
Rhode Island,2008,1050788,252.8,2845
Rhode Island,2009,1053209,254.3,2616.6
Rhode Island,2010,1052528,257.4,2561.4
Rhode Island,2011,1050646,246.1,2662.7
Rhode Island,2012,1050304,253,2574.4
Rhode Island,2013,1053354,257.3,2443.7
Rhode Island,2014,1055173,219.2,2173.6
South Carolina,1999,3885736,847.2,4477.6
South Carolina,2000,4012012,828.1,4518.7
South Carolina,2001,4062125,815.2,4580.2
South Carolina,2002,4103770,822.7,4479
South Carolina,2003,4148744,806.4,4521.7
South Carolina,2004,4197892,789.9,4536.9
South Carolina,2005,4246933,767,4370
South Carolina,2006,4321249,771.1,4274.5
South Carolina,2007,4407709,785.7,4294.8
South Carolina,2008,4479800,731,4240.1
South Carolina,2009,4561242,675.2,3909.2
South Carolina,2010,4637106,602.2,3905.4
South Carolina,2011,4673348,596.9,3921
South Carolina,2012,4723417,560.5,3833
South Carolina,2013,4771929,508.5,3630.8
South Carolina,2014,4832482,497.7,3460.3
South Dakota,1999,733133,167.4,2476.9
South Dakota,2000,754844,166.8,2153
South Dakota,2001,758324,154.4,2172.3
South Dakota,2002,760437,177.5,2103
South Dakota,2003,764905,173.7,2003.4
South Dakota,2004,770621,171.2,1931.6
South Dakota,2005,774883,179,1767
South Dakota,2006,781919,264.9,1766.4
South Dakota,2007,796214,241.9,1736.8
South Dakota,2008,804194,276.9,1724.3
South Dakota,2009,812383,218.7,1769.9
South Dakota,2010,816598,268.9,1859.9
South Dakota,2011,823593,255.6,1857.6
South Dakota,2012,834047,323.8,2077.3
South Dakota,2013,845510,323.2,1924.8
South Dakota,2014,853175,326.5,1863.9
Tennessee,1999,5483535,695,3999.3
Tennessee,2000,5689283,707.2,4183
Tennessee,2001,5749398,744,4400.3
Tennessee,2002,5789796,717.8,4307.6
Tennessee,2003,5845208,691.3,4389.3
Tennessee,2004,5893298,697.6,4326.8
Tennessee,2005,5955745,757,4300
Tennessee,2006,6038803,762.5,4137.6
Tennessee,2007,6156719,755,4098.6
Tennessee,2008,6214888,722.7,4040.1
Tennessee,2009,6296254,666,3766.6
Tennessee,2010,6357436,612,3662.7
Tennessee,2011,6399787,607.8,3607.9
Tennessee,2012,6454914,638.5,3376.1
Tennessee,2013,6497269,585.8,3196.5
Tennessee,2014,6549352,608.4,3060.6
Texas,1999,20044141,560.3,4471.4
Texas,2000,20851820,545.1,4410.4
Texas,2001,21370983,571.6,4570
Texas,2002,21736925,579.7,4620.1
Texas,2003,22103374,553.1,4599.9
Texas,2004,22471549,540.9,4497.7
Texas,2005,22928508,528,4319
Texas,2006,23507783,517.3,4083.1
Texas,2007,23904380,510.4,4122.3
Texas,2008,24326974,508,3986.8
Texas,2009,24782302,491,4015.3
Texas,2010,25253466,448.4,3766.8
Texas,2011,25631778,408.6,3483.2
Texas,2012,26060796,408.6,3363.1
Texas,2013,26505637,410.3,3253.2
Texas,2014,26956958,405.9,3019.4
Utah,1999,2129836,275.6,4701.3
Utah,2000,2233169,255.7,4220.3
Utah,2001,2278712,233.2,3993.2
Utah,2002,2318789,236.7,4210.9
Utah,2003,2352119,250.4,4255.1
Utah,2004,2420708,233.3,4038.6
Utah,2005,2490334,225,3837
Utah,2006,2550063,226.3,3512.5
Utah,2007,2645330,239.9,3518.7
Utah,2008,2736424,225.3,3375.7
Utah,2009,2784572,215.4,3295
Utah,2010,2775479,213.5,3182
Utah,2011,2814347,197.1,2987.7
Utah,2012,2854871,208,3022.3
Utah,2013,2902787,228.9,3043.1
Utah,2014,2942902,215.6,2878.5
Vermont,1999,593740,113.9,2704.7
Vermont,2000,608827,113.5,2873.4
Vermont,2001,612978,105.1,2664.7
Vermont,2002,616408,106.7,2424
Vermont,2003,619343,114.2,2228.7
Vermont,2004,621233,114.8,2343.6
Vermont,2005,622387,126,2370
Vermont,2006,623908,145.1,2391.4
Vermont,2007,621254,129.1,2366.5
Vermont,2008,621270,137.5,2559.8
Vermont,2009,621760,134.6,2414.1
Vermont,2010,625909,131,2262.3
Vermont,2011,626592,147.6,2407.6
Vermont,2012,625953,142.3,2500.7
Vermont,2013,626855,123.6,2214.5
Vermont,2014,626562,99.3,1524.4
Virginia,1999,6872912,314.7,3059.3
Virginia,2000,7078515,281.7,2746.4
Virginia,2001,7196750,291,2883.3
Virginia,2002,7287829,291.7,2851.1
Virginia,2003,7365284,278.2,2721.5
Virginia,2004,7481332,275.5,2678.2
Virginia,2005,7564327,283,2649
Virginia,2006,7642884,283.7,2489.3
Virginia,2007,7712091,272.8,2486.5
Virginia,2008,7769089,257.8,2532.2
Virginia,2009,7882590,230.8,2461.4
Virginia,2010,8023953,214.2,2335.5
Virginia,2011,8104384,197.6,2256.8
Virginia,2012,8186628,191.5,2179.6
Virginia,2013,8270345,197.8,2074.4
Virginia,2014,8326289,196.2,1930.3
Washington,1999,5756361,377.3,4878
Washington,2000,5894121,369.7,4736
Washington,2001,5993390,354.7,4792.5
Washington,2002,6067060,345.5,4762.9
Washington,2003,6131298,346.9,4755
Washington,2004,6207046,343.6,4846.7
Washington,2005,6291899,346,4890
Washington,2006,6395798,348.7,4510.1
Washington,2007,6468424,336.5,4047
Washington,2008,6549224,334.2,3806.3
Washington,2009,6664195,336.3,3679.6
Washington,2010,6742950,313.5,3699.1
Washington,2011,6823267,295.3,3579.1
Washington,2012,6895318,298.1,3689.1
Washington,2013,6973742,290,3715.9
Washington,2014,7061530,285.2,3706.1
West Virginia,1999,1806928,350.7,2370
West Virginia,2000,1808344,316.5,2286.3
West Virginia,2001,1800975,279.6,2281.3
West Virginia,2002,1804884,233.9,2277.1
West Virginia,2003,1811440,255.4,2339
West Virginia,2004,1812548,281.9,2555.8
West Virginia,2005,1814083,274,2633
West Virginia,2006,1818470,281.2,2636.3
West Virginia,2007,1812035,276.8,2517.6
West Virginia,2008,1814468,275.9,2533.6
West Virginia,2009,1819777,305.2,2539.6
West Virginia,2010,1854368,301.2,2227.2
West Virginia,2011,1854908,296.3,2103
West Virginia,2012,1856680,320.1,2396.8
West Virginia,2013,1853595,305.2,2154.1
West Virginia,2014,1850326,302,2034.7
Wisconsin,1999,5250446,245.8,3050.3
Wisconsin,2000,5363675,236.8,2972.3
Wisconsin,2001,5405947,231,3087.8
Wisconsin,2002,5439692,225,3028.6
Wisconsin,2003,5474290,221.1,2880.4
Wisconsin,2004,5503533,209.8,2665.7
Wisconsin,2005,5527644,242,2669
Wisconsin,2006,5556506,286.1,2821
Wisconsin,2007,5601640,291.5,2843.9
Wisconsin,2008,5627967,275.5,2762.2
Wisconsin,2009,5654774,259.1,2611.8
Wisconsin,2010,5691659,248.9,2508.6
Wisconsin,2011,5709843,249.9,2450.4
Wisconsin,2012,5724554,283.9,2459.2
Wisconsin,2013,5742953,280.7,2188.7
Wisconsin,2014,5757564,290.3,2088.3
Wyoming,1999,479602,232.5,3225.2
Wyoming,2000,493782,266.5,3031.5
Wyoming,2001,493754,257.6,3264.8
Wyoming,2002,498830,273.4,3306.5
Wyoming,2003,502111,261.7,3315.6
Wyoming,2004,505887,229.9,3338.5
Wyoming,2005,508798,230,3158
Wyoming,2006,515004,253.8,2986.6
Wyoming,2007,522830,257.1,2879.1
Wyoming,2008,532668,249.7,2725
Wyoming,2009,544270,219.7,2616.9
Wyoming,2010,564554,197.9,2456.6
Wyoming,2011,567356,219.4,2269.8
Wyoming,2012,576626,201.3,2293
Wyoming,2013,583223,207.8,2196.2
Wyoming,2014,584153,195.5,1964.7
